{
  "timestamp": "2026-01-25T15:26:25.631652",
  "timeframe": "3-12 months",
  "results": {
    "base_breakout_55d": {
      "total_trades": 0,
      "win_rate": 0,
      "profit_factor": 0,
      "avg_return_pct": 0,
      "avg_holding_days": 0,
      "exit_reasons": {},
      "category": "breakout"
    },
    "tight_base_breakout": {
      "total_trades": 19,
      "win_rate": 0.5263157894736842,
      "profit_factor": 1.4946801211813583,
      "avg_return_pct": 0.029597834516865665,
      "avg_holding_days": 62.421052631578945,
      "exit_reasons": {
        "stop_below_50ma": 15,
        "trailing_stop": 3,
        "profit_target": 1
      },
      "category": "breakout"
    },
    "stage2_entry": {
      "total_trades": 130,
      "win_rate": 0.38461538461538464,
      "profit_factor": 1.4522845561902,
      "avg_return_pct": 0.028683909746967693,
      "avg_holding_days": 115.4076923076923,
      "exit_reasons": {
        "stop_below_200ma": 101,
        "max_hold": 16,
        "trailing_stop": 11,
        "profit_target": 2
      },
      "category": "trend_start"
    },
    "golden_cross_momentum": {
      "total_trades": 122,
      "win_rate": 0.48360655737704916,
      "profit_factor": 4.341254619242478,
      "avg_return_pct": 0.21417868208934193,
      "avg_holding_days": 145.47540983606558,
      "exit_reasons": {
        "stop_below_200ma": 75,
        "max_hold": 25,
        "trailing_stop": 18,
        "profit_target": 4
      },
      "category": "trend_start"
    },
    "rs_leader": {
      "total_trades": 229,
      "win_rate": 0.40611353711790393,
      "profit_factor": 1.8187329827079748,
      "avg_return_pct": 0.03648296956529828,
      "avg_holding_days": 70.85589519650655,
      "exit_reasons": {
        "trailing_stop": 24,
        "stop_below_50ma": 200,
        "profit_target": 5
      },
      "category": "relative_strength"
    },
    "rs_acceleration": {
      "total_trades": 150,
      "win_rate": 0.41333333333333333,
      "profit_factor": 2.6182289835924553,
      "avg_return_pct": 0.10388804059359455,
      "avg_holding_days": 118.74666666666667,
      "exit_reasons": {
        "stop_below_200ma": 99,
        "trailing_stop": 23,
        "max_hold": 24,
        "profit_target": 4
      },
      "category": "relative_strength"
    },
    "accumulation_breakout": {
      "total_trades": 149,
      "win_rate": 0.3624161073825503,
      "profit_factor": 1.1898777712534723,
      "avg_return_pct": 0.009475686023692902,
      "avg_holding_days": 65.43624161073825,
      "exit_reasons": {
        "trailing_stop": 11,
        "stop_below_50ma": 133,
        "profit_target": 5
      },
      "category": "accumulation"
    },
    "quiet_accumulation": {
      "total_trades": 132,
      "win_rate": 0.36363636363636365,
      "profit_factor": 1.426569980848633,
      "avg_return_pct": 0.028912092858858242,
      "avg_holding_days": 139.7348484848485,
      "exit_reasons": {
        "stop_below_200ma": 94,
        "max_hold": 27,
        "trailing_stop": 10,
        "profit_target": 1
      },
      "category": "accumulation"
    },
    "deep_correction_recovery": {
      "total_trades": 16,
      "win_rate": 0.375,
      "profit_factor": 2.046095556489692,
      "avg_return_pct": 0.07236983556134273,
      "avg_holding_days": 60.6875,
      "exit_reasons": {
        "stop_loss_atr": 10,
        "trailing_stop": 4,
        "profit_target": 2
      },
      "category": "recovery"
    },
    "52w_low_reversal": {
      "total_trades": 109,
      "win_rate": 0.4954128440366973,
      "profit_factor": 3.163269884522756,
      "avg_return_pct": 0.10159132868132656,
      "avg_holding_days": 106.8348623853211,
      "exit_reasons": {
        "trailing_stop": 38,
        "stop_loss_atr": 53,
        "profit_target": 11,
        "max_hold": 7
      },
      "category": "recovery"
    },
    "longterm_trend_pullback": {
      "total_trades": 123,
      "win_rate": 0.4065040650406504,
      "profit_factor": 1.4427407500297558,
      "avg_return_pct": 0.02897410476066665,
      "avg_holding_days": 149.0650406504065,
      "exit_reasons": {
        "stop_loss_atr": 66,
        "max_hold": 48,
        "trailing_stop": 7,
        "profit_target": 2
      },
      "category": "trend_continuation"
    },
    "monthly_breakout": {
      "total_trades": 120,
      "win_rate": 0.425,
      "profit_factor": 1.4453912459863953,
      "avg_return_pct": 0.020881031444461875,
      "avg_holding_days": 73.38333333333334,
      "exit_reasons": {
        "stop_below_50ma": 109,
        "profit_target": 2,
        "max_hold": 1,
        "trailing_stop": 8
      },
      "category": "trend_continuation"
    }
  }
}